fixed_acidity,volatile_acidity,citric_acid,residual_sugar,chlorides,free_sulfur_dioxide,total_sulfur_dioxide,density,pH,sulphates,alcohol,quality
8.119941307320987,0.17235440963605078,0.16893506307216455,3.831196197558985,0.1540700072265143,36.81664317439905,276.6898957187529,1.0018961708892915,3.1427854165556792,1.1862032810120362,12.708920959462287,1
14.457857370509078,0.8438964841954071,0.2785903390319586,1.274104074620858,0.014671514127172287,34.063549556451434,214.71486572689898,0.9969293752741998,2.7932254555019465,1.9592234995746631,13.576769780339607,1
12.051933359925457,0.856889170254149,0.17701048427674682,3.458239634766142,0.014203474790509478,2.7693025406440626,105.97014860608415,0.9920534126968595,3.2325175633638015,0.5134353650965107,9.753275291547492,0
10.585243326167403,0.992401862097489,0.08870253375705561,9.12088600967266,0.07148594163841283,24.54610010620479,89.91956950440643,0.9990466885361944,3.104582743582412,0.3288110303122877,12.374118697248992,0
5.716205044866802,1.1165278672117263,0.12063587110060081,6.842086163354221,0.10284220617688648,27.233497696224138,104.96601401807543,1.0003123975556971,3.5802568316555123,1.609268959987063,12.002221882006241,1
5.715939723698229,1.4661929112475485,0.46077876803272577,13.486671126185346,0.15637740938348071,28.518771881886135,225.22694932427447,0.9941179018018778,3.4875130242884973,1.6721644135203004,13.829812637517897,1
4.638919733850194,0.8228204876216734,0.2063337184057925,12.425954220512017,0.139826121555236,41.03189347668593,193.16788293292728,1.0011433303409838,3.1739718466568023,0.5043522895049796,14.342609423368824,1
13.527937603524286,0.5521390621177443,0.36426986104807546,5.7196246589400515,0.09472151421158218,37.81857572415461,58.41034570649342,1.001779862311955,2.983260320531487,0.7514908160296303,8.085097400341708,0
10.612265129175297,1.2132606726761852,0.5034172708548569,4.557870411381224,0.061989066593516516,42.94545140274768,55.27294189954587,0.9935997583359115,3.9844467560022694,0.3298390177232691,12.718139433411547,0
11.788798355756501,0.4791651517669039,0.6903948286293653,6.253662955158464,0.19945365502996512,53.77694504640685,33.84596886889144,1.0027857791452979,3.2902021075549497,0.79862463832696,8.362850593838104,0
4.226429437253827,0.7145599889878905,0.039312139841098936,9.223158689458788,0.09097444742483486,57.09601597141045,192.8656696754787,0.9918292498646338,3.594756506514308,1.6143411856617416,11.842010655541491,1
14.669008373781937,0.20983893387917235,0.7994103989090426,4.6796973356025555,0.09576353462263834,50.550492259628115,222.31746340875128,0.9926262036892324,2.882718857851869,1.1805328971113842,10.013429103305747,1
13.156869048804639,0.1354910407816405,0.6279003894909078,9.70049960067279,0.041088526026417146,66.9311350208905,81.00813921597614,0.9923949229100943,3.3312666095572174,0.8917625083860896,10.147436196654988,1
6.3357302174610375,1.447707780549095,0.08175903194887191,6.67270429589649,0.1610138142624866,2.2580482046689525,11.927423971748325,1.0016218662301022,2.7357977358303054,0.9319568013407615,10.470709524166496,0
6.000074639278107,1.2703721687170881,0.8735786241067772,8.683865250012921,0.14179962289848286,14.508681012164681,29.254581895828938,0.9985058031802244,3.357091653283585,0.30230116371629584,12.34904714334727,0
6.017449608387772,1.074363888531177,0.9208724005318132,7.049384060807966,0.051946226429864475,1.5218383734918062,279.9043898611436,0.9919773556818895,3.953222629253013,0.8096608968609009,10.338349759681385,0
7.346664672554915,0.6725341221799778,0.06107795985486375,5.051967209541039,0.025652398667010114,45.67575527666761,89.61087202610993,0.9957242044387885,3.1994687268815403,1.3989798607844819,13.128893354131963,1
9.772320747954616,0.3426120480991841,0.2768776481472037,14.273191628166408,0.1392948673941955,62.9641078775491,223.6901508381918,0.9979988743259074,2.7506948163473854,1.9561305544878071,10.831691699017089,1
8.751395205063274,0.31901185973952045,0.8062012797930613,11.666841697652627,0.1343571307134157,17.80027846376465,182.77978998575665,0.991085033104862,2.7402425281951466,1.7400034058726292,8.47847240216971,1
7.203520542178461,0.4503400574304335,0.7482596903836584,2.8755957783069808,0.061919310129659774,64.96538359094515,114.08891802176954,1.0014714127892954,3.2043827879309306,0.3401114398973995,13.48631889738875,1
10.730381841946175,0.8689173305885686,0.18452101935637732,13.145398460160571,0.19066407682757797,5.158449929979699,64.2094952013421,1.0004468459607399,2.9080324174021523,1.827553027947227,10.000308272148942,1
5.53443246717246,1.1004342917800873,0.2093493233367103,7.772779895318142,0.03870099943837105,65.47608584958049,40.35235633911202,0.9965676880564962,2.730357725226642,1.631437302607664,11.029368157194838,1
7.2135911338874,1.0242763274048237,0.370472102791382,13.513186399206688,0.09214361219809436,25.261965419534775,180.04866995499924,1.002572645998369,3.68307769813523,1.6266394100706667,12.798107182553311,1
8.029980276230608,0.49190745572431993,0.4845229851910213,12.177959108857145,0.1892870248318438,7.9980371629959395,225.221359920494,0.9954308927305763,3.296079911546458,1.0785927903060715,10.327193100040985,1
9.016769826387396,1.4368113929284718,0.618254771530296,6.895510413016192,0.08974819021596324,34.52515138385647,188.22490375214,1.0027934341474745,3.076018203564451,0.9766089980226547,8.39609959302701,0
12.63693557532315,1.133055683374076,0.3689136395697724,1.2168172473136554,0.13131993005617626,18.71758317271505,156.0755037095118,0.9986829599844471,3.870108137921425,0.8149567390164274,10.617447329089696,0
6.196411603741957,0.8760956735159608,0.4625347161331479,4.68835076732774,0.08554293561293091,20.656230235372675,17.87219623115306,0.9982507265523012,2.8509806482606836,0.4116812602224218,14.611140078860124,1
9.656578822549728,0.9564090447280931,0.7474709381337565,8.537042426718223,0.06210088844624731,22.203007579913773,280.08232405921063,0.9921574136388451,3.942694477641915,0.6880001179392885,12.492140781089908,0
10.516560257482467,0.6874400873989058,0.0366832028905979,9.832042899548677,0.19695575311236738,56.408786950453774,232.0361162382446,1.0014650608579603,3.108156732590559,0.7192261794626418,12.700354040670447,1
4.510954539919975,0.44682338530162047,0.25243694434402075,4.536216364608152,0.08777346119985817,38.20212809059256,88.86863638637303,0.995557365942968,3.8549247740012857,1.1229310185073427,12.42597507546348,1
10.682993370915822,0.5983617501117662,0.7133495858845524,2.86492064442682,0.17987884869903556,22.48023124176425,283.3316032085547,0.9921090342751722,3.4838257394233,1.5706554912143798,9.392944972716057,1
5.875765360560207,1.1609845546501167,0.8952068376871993,12.672516338870118,0.05369137511930638,43.113031048453365,176.33248986707915,0.9901638977596848,3.774719567663934,1.1054767082765091,10.92833704871596,0
4.715567522838075,0.12015088408165822,0.5116774421156661,14.780070747920085,0.05048989376476583,50.414396521400356,170.82561227265074,0.9972768238872989,3.9792171121736035,0.398335564060173,13.256578588543228,1
14.437740909786665,0.2625016967096827,0.5321134852653157,8.312231570467869,0.01591547574805716,19.81105605061383,217.7047097785576,0.9968561950875947,3.0749270691643695,1.9282426616799466,8.709610282872115,1
14.621952363820153,0.16440369883045386,0.10717201133977605,3.320677930461079,0.13381669682141817,29.534888005249254,235.73085002950893,0.999351597090799,3.949476131029871,1.9026313424599908,9.944969432627985,1
12.892370829281072,0.15702032324655818,0.44741236682345464,4.7395333039231025,0.08002000530751462,9.410140440249382,191.78344587481524,1.0015733546892314,3.2063264633731468,1.6348222233522942,9.934233759260975,1
7.350751460907078,1.29764481761541,0.5326172664550232,1.159308539319281,0.17422806746953104,13.499305117892941,42.251096221634604,0.9910322856003594,3.201165476157999,1.985257432659175,11.024132493161542,1
5.074393254070222,1.085121003132033,0.24247050363472966,13.791613172503036,0.09990988227139586,47.997131923583815,101.72970419644305,0.9995094543744246,3.1425032355308575,1.225619965760447,14.862581186595296,1
11.526563291633725,0.7638433607222552,0.26924323094938096,2.56029026875099,0.19395675130379714,13.51924599099826,268.6476702122721,0.9924363552732686,3.4038298895518606,1.9367061954304503,8.472517826786753,1
8.841677431135615,0.23696782491140206,0.37728416310462265,9.028882304750976,0.04524984798359302,37.236273473027154,69.56621815181009,1.001156301691043,2.9003885561320333,0.4285285690484763,11.630906960664165,1
5.342420583292567,0.7882622251635653,0.02007119777772637,4.764178611689605,0.17503840191156605,49.92419205884786,111.32326774601627,1.0006478256802014,3.4198249309654147,0.9216572720443312,9.255552774085473,0
9.446946011223972,0.7628604790927919,0.3220791655831783,8.713909835472688,0.15755340203043094,8.374507693537325,128.27775787320746,0.997030318814812,3.4042162561330054,0.6831481556115019,14.794735817868208,1
4.378273732267402,0.34248261787402123,0.21144800699654465,10.085027475761285,0.1564751504823699,40.14454315439434,130.35161208352997,0.999233156382103,3.690472356386331,0.6329162430282591,8.79312453309225,0
14.002524422866603,0.7073923089331622,0.32749735217791465,12.599359432271543,0.17050881334220866,18.7028320753941,179.46190184595073,0.9940865514713887,3.7837449505188614,0.5393650131175494,10.825207016531138,0
6.846579797600186,0.6579066281563227,0.11976213181925122,3.810539931824505,0.1545945582791698,67.44195439139301,272.8904620817523,0.9961251826861265,3.2725737554061514,1.3581031906621943,13.165194893842244,1
11.287745127893801,0.962190137273103,0.890527280739895,1.0550411840845748,0.12898186110996893,34.36464962367481,74.1160374485989,1.000681279670236,3.093033224156942,1.6282471547704187,12.931880996192117,1
7.42882183698352,0.9891311112147012,0.5935924535540487,2.8300873839701826,0.03493652675965364,56.61348593448591,40.38488949315981,0.9959704475632517,3.037135366512223,1.283107279014613,10.959100458257526,0
9.72074823295592,0.16342561368086234,0.6791023191444896,13.590262850058282,0.016179974103337866,38.96563140878206,61.88414863036226,0.9946513774492307,2.9530109877163335,0.5498366062999565,10.425669175669029,1
10.013813072776076,0.6244576604770596,0.7891712386073383,13.221850093631465,0.18496109108498052,3.995464766982522,256.9997467592233,0.9964247618142539,2.7749418568587325,1.6789104088869005,10.783286649870094,1
6.033399010780798,0.9762038819999308,0.4984421989290573,9.323524740601346,0.12716355975894023,44.68744491598754,188.7644599814233,1.0007672402816838,3.1451823724851273,1.3811230021783385,9.849933842110476,0
14.665430905410144,0.8043907620121227,0.08692028808742369,9.367287732114512,0.1613420852854735,66.64683061225934,86.91162135468231,0.9943577046158213,3.0513219997700185,0.9598817004158924,9.437330570947598,0
12.52646105697226,1.2990857776636513,0.5371065418185478,10.277017111102202,0.10148924678738451,42.51121559009685,236.9129837281187,0.9922589007107646,3.9563426016263294,1.446021502411307,11.38127788291223,0
14.33448835720608,1.022171084266523,0.5868411180208791,3.3727350285906392,0.032288555902854954,57.52403130044853,249.7677089708524,0.9992561822643,3.425021474125057,0.7418384647128158,9.87973629247325,0
13.843100854704137,0.3281081979140016,0.74543947418433,13.793208437541933,0.033785300518484586,62.010245971040135,245.56355784934868,1.000737716765205,3.15146015073966,0.8868267544401578,10.01223165428075,1
10.576899766921937,0.19879624636060178,0.4316595462296794,6.804664400978231,0.14025740457350458,16.737504264476343,266.0562090199939,0.9913082872208059,3.454607881291805,1.8597259333243834,12.5972924443219,1
14.140616585254286,0.9993869894888417,0.12758030279556376,6.302253248317914,0.09175812003089791,15.631093953667639,77.38420870906133,0.9931183634658273,2.8809557117494045,0.7938576596414146,14.779761321899246,1
4.973417522571115,0.13711583475827055,0.28377590579872447,8.216739644488008,0.04809969807306398,43.15768823071843,219.67686583519676,0.9918456358668929,3.277256873962864,1.0989800558684921,12.225460403915626,1
6.155811486610597,0.9200858137828486,0.3630822963986351,1.5622201315282762,0.103402963880873,29.360964416662625,136.33267772858161,0.9945232383505681,3.514104617847383,1.813239933573225,8.538856269454763,0
4.497500178015919,1.4163223379949406,0.6459172413316012,3.2445954994607193,0.022199698044275476,58.9504298978037,244.2855904678874,0.9958545627257703,3.335567181330187,1.5031262954547968,8.529085296978469,0
7.578633638395908,0.9056638490262304,0.5707783046689119,11.306273991611823,0.12057456636373576,63.10159551446277,212.16286163673652,0.999734742380523,3.2223124408506214,0.40574548447999464,14.659962545918962,1
8.275450186584301,0.6434378966891307,0.35609672589784624,2.0674612177442833,0.06110874684266856,25.386075171887548,225.73462735942206,0.9984649186034616,3.9920029055696076,0.5504151752742495,10.081035532151336,0
6.984839349512855,1.0006035058192944,0.9865152487929797,9.404444743476073,0.16153622912106577,17.344068569239262,191.69380006374323,0.9980720713772195,3.844409190793605,0.31333070431225857,8.644468902577328,0
13.116112600671222,0.7415540466881232,0.6057748193568872,4.359422446506626,0.06896877219547902,54.856260551826466,56.21234175992704,0.9945808743059255,3.5104277456072723,1.3725670433895778,12.19331211005267,1
7.924286593629482,0.8638635050423088,0.23722679173599448,6.389068157991869,0.09649182832554222,19.961616452821392,160.24261804783356,1.0009388181901018,3.4401905695369677,1.0610448231977112,12.365541448031863,1
7.090279606561189,1.4180507322871352,0.10178247262040374,4.9705816884668685,0.01220790258253912,57.760387977443806,284.66153628543583,0.9961267331761761,3.5068586237719592,0.5282672465338684,12.539533740830816,0
9.969656914740733,0.6405436929210839,0.15285913918433203,5.914985302155783,0.023764908680966187,30.237939501764636,271.28082281868467,1.0027283641941969,2.9617057401691635,1.9284880057965097,9.87181419500279,1
5.550166474722389,1.4456667893534798,0.24595772838450813,11.038547263097861,0.08457377571727011,47.060943051111465,18.2181672305543,0.9982438477978445,3.213679066243614,1.2004215307075539,8.105774789501325,0
12.824166788294436,1.3674908987384893,0.16068137325955567,5.089416190286768,0.10118837859625346,7.5919366545921045,52.642592851430706,0.9916414416403385,2.751297392758169,0.7112185999919116,14.755107586181303,0
4.820057080477479,0.37410758870501504,0.18656702405130576,8.88630542818625,0.12400390414266771,44.04629340268354,43.27924288764102,0.9987903083069806,3.3182098487328746,1.1510260709630027,9.756251319837718,1
14.855756302605691,0.19710582122523163,0.2850951686938471,7.612310671007306,0.06541588995476762,32.17196983286881,211.45231452583863,0.9942263522006121,3.4059319591449624,1.4553545656496834,12.732184016367832,1
12.494692462263231,0.2410892019283973,0.17337359529475482,10.25776343161334,0.1420465583640431,41.475983959107715,237.43324834951545,0.9989222535569192,2.9960746569341725,0.42960667055505963,12.946409089150967,1
6.185872496875897,0.1255105559121696,0.8967654246264252,14.109299324479087,0.1734232554659489,12.592980334395577,66.42371666592015,0.9909053349261112,3.9532375013151677,0.7669964855814164,12.2700519195564,1
4.060743288359626,0.23222014505829974,0.08023374566164221,11.22926657066453,0.15817168788973648,51.84428840114857,149.15631210536762,0.9922734586832874,3.8822909942184145,1.6718413345027892,10.190351759495538,1
12.970075713003176,1.0562094827828996,0.5245113895702547,3.9306593381296704,0.017527576816187856,60.53299835048277,243.9189569271696,1.0011245843657752,3.6387862060926777,1.081430279684524,9.89767377634846,0
11.775430782323788,0.1996641078443206,0.4103968269896615,1.339682204364114,0.1012963199789875,15.95504620626352,213.3828371688489,0.9929533342413056,3.3934026173949716,1.2291811414549012,12.183677978918922,1
12.01907884845086,0.5465658824112658,0.9823786169086064,4.5979230246275336,0.029936733899453227,7.604304330891159,159.45312915419308,1.000881534628158,3.8309599075419905,1.0357872037560978,14.06266943528184,1
12.483973813545402,1.2828254353572364,0.11203890216805235,9.290598822873593,0.05598855301388022,2.6310624371972113,173.06839639983272,0.9936305891499073,2.869848046970502,0.3746299024931087,14.62713610246377,0
4.814491169074994,0.1325807100301562,0.39785559904574164,1.62510397012793,0.19746589272075785,45.296033530585355,149.86603477730722,0.9983574648307632,3.7276627325573504,0.5817746256942651,8.741340630826304,1
7.943123013986998,1.2402558756245101,0.9694704332753689,7.898764085537433,0.037074153151287516,42.88948849012587,90.20621172322622,0.9990239574556278,2.862267058156903,1.0574207858612146,9.083800288184039,0
5.274559654776427,0.49459668468275986,0.8655071258939803,9.315484169728139,0.10478874915575764,38.72212147727083,165.90122397910156,0.9966645117908857,3.7324738613142268,0.6556152911934773,14.613153811481558,1
13.494137684631529,0.26543075867031873,0.8170720709492799,5.6128388605191475,0.12744958952044264,17.004349632002302,200.95454048017567,0.9939690387970574,3.058497838726764,0.38496434872145385,13.155746598343548,1
10.856279395103137,1.075432031509811,0.25790282704493983,11.769862072816089,0.14346834440337977,27.972513717480513,253.15038518860857,0.9927643768928243,3.8402177553236454,1.7342044288881004,14.180956773808411,1
7.639878273379141,0.9805199854918375,0.17088758739006582,2.4030353691861825,0.11633324986251367,42.01886712784594,186.07045317612722,0.9904314616093115,3.927254721973017,1.968027299578997,9.418428438947402,1
4.69914185314626,1.3284608189378742,0.668643219924431,1.9594427224749036,0.011856461009644895,35.27691326128269,221.3973949832137,0.9939513032161293,2.8934347602266506,1.648342885794457,12.113101097765814,1
7.420805538872284,1.1290994613254401,0.9293759891275858,11.167461462470808,0.07202764856635846,69.15720089482723,51.300272692144155,0.9984911162769066,3.3014782865850116,1.751434366897934,12.907977160922314,1
7.577016542294217,1.2248733025387881,0.5567628930139298,7.886427558507399,0.10836521224309517,10.414342926414585,136.62076526080054,1.00219796263983,3.9752835916114906,0.7113611215389771,12.76078319812881,0
12.025667961718705,0.494848401599829,0.5716126894698998,10.606473789631078,0.026694634837518334,48.964974229283975,8.640848411067402,1.0013256582694197,3.3284296667650906,1.9330658583724396,10.857061836066887,1
11.013132184907345,0.34841536129161194,0.2799790936602842,7.031065474312822,0.07661911692974434,28.897994999196158,75.81011865961932,0.9999588420949589,3.8226117792689087,0.6347736975708282,8.10776424183916,0
13.759340168339591,1.1508606522972016,0.7694929331919369,4.374268668671406,0.016308590670359648,30.545773429867417,211.58866537698037,1.0002498154622927,3.465350978770716,1.9174306776151149,12.080482397629842,1
9.194364176781441,1.2295686349741697,0.18704374855752337,12.449342679206216,0.02492991445945394,50.51424583041416,286.68221623186986,0.9986448037451878,3.1879288802954826,1.9911927997421168,9.771710774257262,0
5.3155367053213185,1.4867071988009426,0.3236792364042437,12.171763893462607,0.08541542247830325,48.778094441381505,34.0674021831821,0.993383729148358,3.0715186221836315,1.5099287697682828,11.151779723000232,0
11.845692659452945,0.677664747675997,0.4254364386164168,10.695220239047417,0.035215993268181464,69.396663565451,119.62289138874458,1.0017935353991756,2.9641900184119137,1.9679443440460973,14.703067105586722,1
12.368635534785872,0.6208253201098964,0.507610378684455,4.737246434942474,0.11783276116969604,9.85920597233464,232.42008414186213,0.9987195200547758,3.6903376487910062,1.2682176252640762,10.793247223497044,1
10.174049173264459,1.1869781450387955,0.24240973241508024,9.222252402854128,0.1409983441360805,8.183565807507478,63.74208459997837,0.9972857282027456,3.2025026588699363,0.7412210313993535,13.878611246650987,0
12.48063897950017,0.577124956354225,0.11483682473920354,5.989731946854378,0.16211147283072574,50.97937838188314,163.089040652547,0.9914428630997753,3.364658100860977,1.0428930056315555,9.319784240244758,1
9.431751560008298,1.4030602558449907,0.6106200424416326,2.1913072339055417,0.04802854640651392,40.90869727344223,213.45917677639798,0.9958117220694834,3.3400231240015366,1.3090535901439362,12.707223486175202,0
9.750061123201935,1.3017778525802166,0.28863055324025577,13.834121414017623,0.04182169062922326,19.917085992626603,180.32388242363066,0.995984657525625,3.4504627380030706,0.4242386554459255,14.839048681072605,0
8.702951201944046,0.7005916383250256,0.5812382214226123,2.829142695957356,0.029867889663536047,6.479936460240076,59.21099989616277,1.0012393269237947,3.825250289311918,1.3579835498493185,8.713251706110558,0
4.279610394185047,1.1512194949080963,0.1543627152742023,14.298346688873314,0.13092174741329096,6.910419222153707,106.57383293806426,0.9971064268624412,3.9749611466584582,1.9680023224959007,8.058239595590344,0
5.186805696926349,1.1563600237185554,0.4811401018548175,7.1886813987071765,0.14423038803251123,62.699170351824165,227.81307500936742,0.9949452071366153,3.229859471145962,0.623183004632337,11.0350795484283,0
4.345721042554077,0.24437341637030566,0.5325894325515859,3.510374296624537,0.01600136751687199,14.23884540559326,162.8461034993607,1.0026984042706384,3.7757745987381943,1.6474116976902515,8.64837838135957,1
11.000514523901584,1.3635740693513934,0.05182353682242691,8.54080335803485,0.18788032678630107,23.31263778597093,7.479980632644304,0.991439367713242,3.693886133051133,1.843427949425353,13.23869044773362,1
7.457915791839593,0.8073533214269999,0.3366042781939206,13.208536285857356,0.01987454389377976,16.63929175366217,221.36038508795056,0.9954931295680552,3.4455876368922453,1.9042927077943754,14.401840646939913,1
9.59427760281173,1.2570404525508383,0.13441467693897424,11.224370898374813,0.11284630370720339,25.494745102403673,15.993113448087657,0.9905463207772283,3.9428612866955133,1.9322305274892602,11.038146808961312,1
13.983231213187024,0.5480694414428564,0.06337497047276774,12.272512184846441,0.14472149869567413,5.790245149480443,217.0426605129387,0.99961875356997,2.9606168701869238,1.1864813858265022,9.810981495088086,1
6.742214520637624,1.3537325198946806,0.9899602323899452,10.188845470621114,0.17548413351175626,36.81512557267065,63.30199852676219,1.0019349951785887,2.842043473402508,1.9614234435855562,11.040823233046268,0
8.514212153391927,0.6448823502278282,0.32235384497472297,10.66109955970172,0.1456765171051613,5.6652668878628285,277.1347948737846,0.9936404852841563,3.810150557042049,1.587427352128546,13.064134724950007,1
12.311062523973536,0.11517271207241771,0.8098744458546349,12.873658687071002,0.16232833578326045,56.22459903974295,110.12723261848991,1.0011584417983885,3.270894761623873,0.5748414416028351,8.063379131062597,1
6.516779820407847,1.367534766986969,0.25464065476376385,4.420318924914522,0.07449553658313315,17.126133651819877,98.52164742367638,0.9937988369960047,3.8010595104691784,1.110730180995549,12.12617792639288,0
4.846779008116723,0.22780134750058698,0.6815027222239293,7.8008919873682805,0.16481677161183733,38.26082210771123,48.135318244081844,1.0018400121013709,3.8610172667540397,1.5211629981324069,12.293041794211653,1
7.187265982051448,0.5470390926265808,0.7602278598896866,4.019053129656392,0.025221820813088276,61.72545704174062,92.48599298373081,0.9998015047467581,2.781194871704793,0.7204785368924416,12.463817728271549,1
5.773434159794048,1.4300867538711268,0.5956387406078443,14.826118912752722,0.18001516465150025,45.9105384642564,254.09216559738076,1.0004637880989387,3.848504191881879,1.3890458120331086,9.69415455986614,0
14.226674175768304,1.4308500057125786,0.47157618855015837,14.211236689581247,0.11404255146920989,37.77408727204214,287.962617548511,0.9902340852228059,3.2828147719802487,1.4332208143792526,12.998369063646887,0
12.889324175208586,0.9028130433726005,0.41184091414726853,1.4559180402959333,0.16528657629287383,23.379028964960916,110.23159713343809,1.0025165346419622,3.363562235705502,0.576589564474562,8.639740404322435,0
10.967441321614658,0.9845720970377189,0.3488682665429953,10.848609932471208,0.09594047405847703,23.977132001015658,132.95680856013553,0.9994467228969142,3.5145702644211734,1.2606450311696857,9.394892355267606,0
13.586066492064894,0.7278237307696476,0.9295291442478258,13.946001275560889,0.13227976208733974,47.194599908675116,210.34607551137458,0.9939617642400197,3.9042973887491126,1.611765748663633,14.142290326581374,1
12.840392845890259,0.5104950803772903,0.8306194077877291,3.4461123662954027,0.11001650557786151,69.59561592426056,256.7934058716161,1.000782130643165,2.7248509227586935,1.1481226297111011,13.171062055085965,1
6.052270647746394,0.5601303635178824,0.9650269106665126,8.908027750792076,0.14900200913351305,46.66690409960712,173.8315465748599,0.993659775579394,3.3198965088131622,0.3205752985193826,8.096218878079418,0
13.818148983389756,1.0415258385078539,0.12429722348554473,13.808384995991391,0.025509696585812022,39.48705579853172,116.8017725843257,1.0013457999143596,3.594038655159729,0.3153653974347967,9.738633822588602,0
9.932764661072158,1.153324341212752,0.7308674752036443,1.3786382980597636,0.021466895958207124,51.41488520650798,122.77198096016052,0.9914635450753552,3.639519045007697,0.9069498847490207,9.500845380952152,0
12.881841706804687,1.208210661216188,0.9383404568210378,10.733625768180444,0.056949614461927825,33.09918724757655,202.85993545859634,0.9991479177069903,3.6002921609982406,1.8745299163340294,9.895644296258808,0
13.857004299158426,1.2054653999123754,0.18123306616566015,5.092621003952966,0.04031348922150579,5.14982163945418,6.910768600010867,0.9970290801963838,2.8747656682305585,0.6887505253261349,9.732918391959204,0
7.498038224690503,0.2276885442681665,0.0664962673667775,13.933986354809079,0.17563887765251834,39.79848029557578,181.3437825011349,0.9912549481125407,3.0892142648831857,1.3784182710818682,8.43768407019992,1
5.210571169804444,0.792188426583614,0.741120649290059,14.591921256831686,0.05165065759802842,67.07614463087124,106.60452195490414,0.9931446197673649,3.1663301830421178,0.6775289801786449,11.212583616177742,0
6.507286787961359,0.180582264023302,0.5744731131799119,14.214157496499418,0.19541439860563495,13.095903022678515,230.75784475141484,0.9901612524716051,3.745768369983357,0.8468389824212326,13.129134323503155,1
8.698185674888819,0.8693404352532297,0.8418287767582721,7.58642045487024,0.0740102004365103,48.610337466625936,32.3163510699464,0.9960939835510385,3.062387834138919,1.7416715523225228,12.247122073022055,1
12.998162425147424,0.7181427019227278,0.1397723766262895,13.05480137894932,0.04460240398085286,14.864424517474896,172.46124154639452,0.9939164483898799,2.973916453027364,1.5390644518589096,12.710101680186558,1
13.468036415819778,1.3427858558616197,0.7952673118598902,12.808146519344492,0.16004271635707104,37.972110228642606,142.115327837773,0.9977786472958708,3.944682424749525,0.46217877143245806,8.568044249753674,0
4.076473435843098,0.5912810175729102,0.20162732004774453,5.3993166727299045,0.13515447734516647,7.6706750256236536,187.77812383117936,0.9938640915002119,2.7115222706475097,1.028793435676937,14.66043497123751,1
9.618220328353223,0.26389382299864816,0.1636559428657045,12.587708185524551,0.1046571861260964,32.07559460181477,24.353567238680043,0.9938989484495908,3.9971671123865717,0.3495885981969496,13.869442836901174,1
8.59152103463657,0.3001883548739702,0.16426579793099294,1.421807649488446,0.11551907467814992,53.17526969377198,170.13541184216115,0.9996615115835108,3.5798676885146143,1.1175132492251152,13.635632229469639,1
6.443185915178033,1.166114884404461,0.8145747202313821,9.307405286596948,0.14664833787173015,24.98243517248976,164.90013839254522,0.9906258568677185,3.777010089283852,1.4261378198918158,13.760886635292373,1
5.318519040670511,0.9655052886427654,0.6651972206962001,4.143124605756613,0.05340640085294676,46.87890898961805,164.66680671977636,1.0017376349374958,3.083005215250051,0.5014544601168576,14.52897355692933,1
7.713766885439908,0.24157174657190633,0.5230654247691193,2.5999930894596313,0.199303444050781,55.88604729449131,176.78700964679672,1.0010794303670854,2.7186098609671783,0.7911043961455816,11.809777762795884,1
14.37200674303771,0.21774952856099639,0.3588304841235025,1.9850401429718492,0.1952107008078888,64.97526954408224,197.4404262350605,0.9986814608819432,3.659230374129989,0.9763222633536668,9.401974125073382,1
7.555232252228308,1.081356784042768,0.8772005408131083,10.717671739881771,0.13356188040591802,17.190303648026294,233.81188690965783,0.9977118804113959,3.7843879761008785,1.8632027419152846,12.317485254967789,1
9.706696839177027,0.20186820890987095,0.3924451074226354,5.692236989129733,0.04791306567653758,28.55279819084226,82.35926379628467,1.0015999324758154,3.662618971539575,1.988533526219039,13.200170455675572,1
11.733208547846957,1.2506040830064986,0.8165994394715771,11.119211478555536,0.13924336606194537,11.516704919798803,239.48898308095755,0.9924092923338732,2.8857053734910902,0.3763492082925469,13.165421753478178,0
7.999925626172233,1.0887391180190946,0.4391349085702184,1.8215244052650874,0.02371769770604341,69.48136164892789,147.00635808055736,0.9910265991084808,3.67945629893406,1.5937134699421664,11.65014316916816,1
14.689602909930567,0.21388829289865968,0.3769444294249076,5.345593763411606,0.015823975419103152,64.96306678677638,27.80749299501572,0.993113632208824,3.6995996167399334,0.9319309128839834,8.479211035335046,1
14.586920244363224,0.21877279971926866,0.46267978566960644,8.506827222492255,0.0589597488171306,38.25704198935861,22.569912976046112,1.0003295176231024,3.5561026703710716,0.9671789165901161,10.597790569010895,1
6.769605254079005,1.4812954099016455,0.3013778741641421,12.049196624229387,0.0978983617804701,59.100297311973065,100.5894441909852,0.9904507134674443,3.695950712634262,1.5822504546899385,14.445366259243501,1
9.46973356481624,0.6239791140585684,0.7476093801762511,5.394410291342186,0.1749717760275923,36.94610043177091,228.12584452254532,0.9975764888560853,3.799697871581052,1.8613249346471947,12.091142368301982,1
7.309661407984466,0.6188990058936472,0.5027203900924792,9.725068407761828,0.14816212325559852,44.02741247219042,206.27370453167916,1.002940687710487,3.4976853485086963,1.9165786106543323,11.768323602789994,1
7.1332454381521435,1.2379193941605036,0.2322126951468173,13.392286250130239,0.1511142390279964,7.149585816005146,229.178035002291,1.0011240492198878,2.815186128160583,1.2811083962651453,9.881974600675354,0
4.405756420899861,1.4261480083374023,0.8995745732745685,9.583670953370495,0.09084373354513431,53.11365901427975,152.38714297297545,0.9967787939575666,3.333916152567374,0.9071059708108546,10.579142439416053,0
10.705207673778865,1.4804014893520192,0.3838912213732114,4.184728594026236,0.07572764858392295,9.812230370831204,130.57631642140382,0.9908273318207264,2.800944135073087,1.6388334459599248,14.267422624072186,1
9.529469255517476,1.1547294593625184,0.5435528611139886,1.2440510199471861,0.0804973649670745,57.99866648742446,47.72906505787836,1.0008078556870141,3.2298059403421604,0.7267023515459103,12.665241332687849,0
4.566266263749883,0.626763419743282,0.9064721109645469,13.16839412200311,0.197653417109851,54.95993804925663,98.87854927143516,0.9977867206063037,3.229238435863316,1.2589258490169801,13.51170918726633,1
7.065111106602726,0.21690100337813628,0.6242379959139921,1.1998986929904587,0.017620746368371673,49.903384144265374,128.82748062720668,0.9914941289617744,2.7858127973823144,0.9095833845922843,11.180417961473585,1
13.99092474563319,1.1880056822984115,0.11689804070836407,13.233293584847212,0.17473598426326523,3.495066256208586,31.073921599331676,0.9912201447027036,3.1534666941603233,1.4162728253033894,12.411730536193105,1
6.635180797336696,0.881765949630127,0.9398321236134751,8.358013589783688,0.11994832762875475,21.915856560227674,68.43318261727279,1.0018251486526757,2.8442975284287093,0.7086781519189618,9.738685261202452,0
5.593843593003454,0.6939108129457667,0.6277080530714179,14.140854549031836,0.09333692964602218,19.15476732384816,175.29775822003808,0.998699603418195,3.7507057730119886,0.6257080077492038,12.938225811984404,1
9.383980363053194,1.3688961391326304,0.3349056146570861,12.162843624408682,0.14779895547887595,25.849412115534818,214.19266132969074,1.0007807283911176,3.931994433753812,1.861006447348243,10.99320933592336,0
14.842154995216609,0.25567647522861187,0.13927207266338726,14.970870958520058,0.10246709887069354,7.04734952670486,288.53234572420473,1.0014267257036693,2.7940114178353204,0.4730662610142127,11.09781860370322,1
6.662607986626504,0.7896751460072028,0.794025189270296,5.845036597869114,0.17595041523551552,65.65008978914334,270.0710727702268,0.9974330405766281,3.941649769479212,1.1601284431493837,12.545256272038172,1
11.393491021464664,0.1158951026743867,0.6200727559285135,11.717354873928889,0.18113335416213913,39.21235460915396,187.8459514684592,0.9967268025728154,3.379349579137769,0.6754497310371151,14.553964350282486,1
12.377815768615893,0.7561248987917767,0.5334610919763215,6.567225881890314,0.09012697610595652,22.081177435403625,125.21319908222237,0.9955955563341728,3.0894353813400364,0.36618093765363463,8.448044426260346,0
6.614012983916396,0.1788245859545723,0.8938925830509576,7.666246246285115,0.0625972814746598,28.391724678125556,186.03819421242986,0.9941203056412845,2.7999206978590125,0.36123199109542486,13.773202661429053,1
12.010379834730456,0.26634508277530067,0.7885972112245307,9.747827031379018,0.12254656243273881,31.85697529483366,228.33940791670565,0.9956497474911632,3.350811548491543,0.5978770125799064,10.046681772885352,1
8.045614459911786,0.2645367454879468,0.15167487973275118,13.218847310027376,0.18334903566717128,42.44100900188259,39.489142031318615,1.000060435524492,3.7328702078379736,1.7735096026602004,11.107436181544646,1
10.955364136529374,1.008894422962489,0.31172206779554823,14.775576915710062,0.05002581591107665,36.581880511058344,122.00308378404958,0.9978250046031967,3.6192124204467078,0.7802138647609453,8.153393301425062,0
10.968826818369841,1.1444628309715927,0.24848913981446574,11.732655135489706,0.12836365087706172,64.4380461517948,243.66404683487966,1.0016028027694128,2.765293814903166,1.9157805899780027,10.10732254484019,0
9.893521524822344,0.9167162711360234,0.743946292572677,6.790511628559406,0.1299964418175789,35.29048032050229,114.62472539705145,0.9957639401869294,2.7947723859782747,1.288757898081629,11.518418698410914,1
4.9931874705984916,1.4470415678643587,0.03353243473577938,6.84113373210669,0.1492914742589034,69.45890302280857,167.83985275729378,0.9978921645233437,3.223735267422428,1.0422441226069024,8.393232541432074,0
13.188327451481618,0.6248188113331856,0.5698896848713165,11.29991045240337,0.034997860174179364,59.748322084411605,172.3387291240021,0.9982069981901958,3.083877642262326,1.2861510189380727,11.437670105682155,1
7.528580714689094,0.499996920794605,0.7624586857406905,4.266757755333063,0.14600674328959684,15.38722549065617,58.20677963681994,0.9976920631099822,3.0020996199728622,1.1783872548846552,14.48977440200899,1
6.051703614398397,1.3160387794652444,0.8767656367617495,2.4576849951526647,0.1827161789264718,65.21106981043022,108.5126299875976,0.9991342390501117,3.065305848581328,1.5899196313874528,8.737752526754637,0
4.448526557102403,0.4130341739272336,0.34208174871590746,5.90017242273495,0.04413979068534598,9.02928145409785,100.66669471396679,0.9930866350888724,3.7445275662859503,0.7802433121538488,13.35108509652853,1
10.49982237507066,1.448511555216856,0.8212573046720129,4.950069782322553,0.055133231735536754,57.40402988589222,13.413668514574336,0.9966607291080952,3.90799646972141,0.9001856657205141,10.867697373631948,0
11.453207980265105,0.11701626456574288,0.11063173695520723,5.077944498429461,0.19456506786791153,27.263007249884026,12.846269181253534,0.9913549224365085,3.2266335028858366,1.8199603143065262,12.586216001670365,1
4.182466118206418,1.4578303573906946,0.8464522917345182,4.193869289803731,0.04438562101480306,61.5802281107098,241.37026336024388,0.9949986472593825,3.877944302772246,1.9089760723556892,9.821656185896606,0
9.633023641292091,0.16042387673080655,0.12748866233198242,1.4935139738727026,0.17233316774022003,60.89591161741407,83.27903922230591,0.9963396718920764,3.1179444116222466,1.8173489867270067,9.116445837789508,1
6.491453527177318,1.3476003591772996,0.39728729056036727,1.1520224797411347,0.10353279272512661,56.60885260811586,152.61629084558476,0.9984789153740911,3.319368082246929,1.013061589727433,9.123238299898585,0
11.096900694503947,0.8387815527208198,0.7972953657795536,14.826885695278046,0.056973904136603644,55.51210010518724,90.53933732562277,1.0023569036836206,2.9938376971608,1.6266213551116988,8.493443619502013,0
5.918030719054906,1.4901507145670205,0.14991742734877378,6.931601185675659,0.17544248124177717,22.022860597764815,272.2122263676414,0.9978084638651286,3.5326188548285975,1.109770746611868,9.299526934308702,0
11.600315119127124,0.2033151906295584,0.22925139523264149,6.319005724951512,0.09460799845050644,6.5834305305364005,79.38098275901397,0.9996667209102952,3.9726754497272516,1.1458177486483736,12.649535694922779,1
8.254088809305912,0.875395998161849,0.7222525683930663,10.483026685972284,0.10781529724664113,28.80563233479614,127.59287800511862,0.9965814587734376,3.484541024856392,0.6479561853973828,14.171834282904555,1
14.30402987610408,1.4570235498667385,0.7200365365460744,3.9773798188974046,0.07825434018595548,12.973191534069098,252.98266088714232,0.9982433524078922,3.1651583093476137,1.304921515539478,13.698879799138133,0
5.512730385605925,0.8323369818382083,0.6411476328852973,14.294452693698178,0.12266066177263621,48.95162513426986,244.26719940208184,0.990922118809739,3.542162679787687,0.6164310261806915,12.795940169121389,1
7.751729861552843,0.9811580933893674,0.6939484444671,11.987464703259285,0.04106953579115433,24.880881131107202,58.66670125049648,0.993307090550944,2.859796882005004,0.8636599884142293,8.77302304387772,0
5.2482087336464796,1.074048164578464,0.5427244433475962,2.160695132602859,0.08430549196383454,68.31710385933413,233.14805667218604,0.9947040902116667,3.855256804345018,1.7535513427538898,10.024312124071649,0
14.17162980106419,0.7363574906748824,0.25179905890695276,6.78788893856749,0.19418834124370463,45.22707333682791,135.66688894682363,0.9961424136150846,3.3540091360137874,0.6520288756584538,10.168648127257283,0
13.650732887190792,0.9785813121176887,0.34569599350391944,13.295568136626523,0.05904535221321423,57.7511588907709,142.68019080015551,0.990593433691531,3.2841546646515347,0.42096908479483575,9.749698624783349,0
6.837357904866712,0.9180400366923402,0.18159771680142567,14.220721514308885,0.13477996626284552,10.144202419187542,43.77483219371209,0.9918203132681931,3.461624224989575,0.41731290744178773,11.605039617968062,0
11.25982450637597,1.3616212146873845,0.9084505613336283,7.4903613086231635,0.07178611220269203,60.47899927681096,28.81022839326628,0.9935985860012869,3.5122190216262235,1.8993336848552835,11.74887670415771,1
12.989444202213374,0.16362493247804102,0.5833917947661205,9.54910058787098,0.15695989388045414,64.67024614542422,212.00682387357554,1.0026299249817137,2.7933085480944673,1.161764744535119,10.498201826197771,1
10.107208927594087,0.4933484654291225,0.4008514167636399,3.2551786398982605,0.03486599553648647,34.60727239850658,146.49850611654983,0.9943075110923396,3.5874023875904233,0.9960005220889312,10.476524111155053,1
9.826156361916071,1.4305760777071823,0.4620058036441327,14.87547762853137,0.19426599856492352,42.831452704817444,129.6287488400958,0.996266533755457,3.0145111844101886,1.6784935877134612,13.799889185342568,1
6.660375199904968,1.346369297447283,0.9472833396118153,4.166570989506552,0.09622001286289146,53.771876262306684,212.45082870862828,0.992549270265599,3.6281384222585666,1.7209040774478772,13.5250499382378,1
5.024130445864891,0.737919453899998,0.1533514031160802,14.192518015305271,0.05484958803582816,13.063865280968466,222.64015041448405,0.9979401409239849,3.7692952326994558,0.8647247562965279,10.154570821765219,0
13.869373337486595,0.9681856369221513,0.5862298320167972,10.060017750792396,0.023964381992702406,35.67705927597753,50.971011450427056,0.9936488818017076,3.7451460598182766,1.4791506977054518,14.396519107112816,1
13.904598628796634,0.4883336561735857,0.505888678884466,9.469088807791914,0.042254001966632745,28.507748916289604,178.69371730217247,0.9926909035196995,3.418251257630256,1.6109087869482073,14.669705119017543,1
10.964116030005947,0.36336962361326586,0.6114542354346478,8.128908005332772,0.10875705022564335,11.099805459195188,44.30520528458501,0.9967154441697976,3.3762208600039765,1.4129061676721226,10.287197794210286,1
7.729327701535707,0.7491777669159749,0.01811018382084051,4.152444345220397,0.07403060352194439,26.35987513811567,218.63914934621994,0.9900715753890854,2.8857387497412352,0.557711627160169,10.480974641551384,0
7.84130532073927,0.5946931192364739,0.8721239089441515,3.3890452512776665,0.1674878395176958,5.703889347599056,191.9183092236005,0.9900996324244399,3.7079499955240762,1.789001241978997,11.539439073953712,1
11.985512467572633,0.9171185565912209,0.9321182824836124,4.008855547889473,0.09186862949574312,2.781021579514602,276.7219377666186,0.9928478945183241,3.052832194580729,1.2164607396512148,14.587845687735715,1
13.868212859478348,0.20882849175097878,0.5651331835892089,3.5287794962339887,0.057255711791649684,10.32647395168277,25.515118628867196,0.9904773777125107,3.345704049663331,0.7802031248290062,14.134236031996181,1
13.75795066691629,1.4641527307326332,0.6966508238768923,11.892141077291221,0.12725754745476572,67.45494269965299,22.146486085804973,0.9914043348036989,3.0695563208057717,1.0228879152440797,8.717975738085128,0
12.578631004433863,1.480695042271444,0.9224993811772957,5.836766154250895,0.1442876712082347,38.91753797675617,85.85894213817564,0.9944051884414037,2.8739768718996013,0.36387085367814254,10.749115202899914,0
11.062348107697165,1.0774263996276432,0.7072386343133986,1.7155817395438888,0.041737962501180476,67.64172911957218,80.06270849726138,1.0004336138345375,3.5184250059592577,0.5173735620781098,11.873598328248402,0
4.925539614945537,0.8505349128817685,0.15253904291426135,14.564347084985439,0.04184765109478036,30.842353604779106,75.89500013737594,0.9974366323638009,2.7706316452697752,1.6014294758769634,11.52192730786078,1
5.777915855040751,0.5333386628008588,0.5762883601668132,13.361380977984302,0.016967571117373164,22.51531318288291,262.4700462874534,0.9966646804374334,3.6732388043640603,0.3000197790841224,9.35704147555825,0
13.884096073797872,1.2393130275897282,0.6067150463828559,13.981307193052503,0.14991638286247172,35.92378853597684,76.62157455741023,0.9938153547017056,3.112862833839452,1.0081619084198967,14.011717398177083,1
10.67071965625549,1.0586236415754309,0.424130671302386,14.928200299314737,0.13612286024814296,31.326306515670797,82.96177249440257,1.0021127983526266,2.700175100905831,1.1882673078455004,12.73858548097786,1
4.101167567782926,0.3276637150828478,0.7364442356247228,3.3519230139947704,0.10017986639246464,8.29086321406033,220.90970826428372,0.9951611955360834,3.364467881008399,0.39287851400165286,13.865358623962624,1
5.1161869715263535,1.3752980582913794,0.9343670147690148,6.487012466527489,0.17039238530414746,45.21701571362423,133.27637541350282,0.9911322059683451,2.760907481085884,1.9542328770529658,14.011349955446306,1
11.298519460188615,1.2515521400924365,0.9255685129067763,11.591162507427688,0.16307732906051012,15.906634593162373,225.80908761831628,0.9980218647095314,3.0590204251671693,0.6844130631244423,13.238490975660177,0
4.055677422308405,1.4297198786086938,0.4508393714041321,10.71389071455847,0.1212173292353829,43.75156888795024,24.498622590721023,0.9914798991151959,3.619069433692431,0.8171378233816775,11.074474208748022,0
5.768888565592485,1.116007311743704,0.11323804584075525,3.0699322793919563,0.17497154329751916,45.86387537547258,143.98264780956777,0.9944879008564219,2.7814965081084257,0.8167022708335465,12.273827285107972,0
10.036071683032446,0.9587812743101057,0.9848411989623346,12.403247062367711,0.04910982990698597,11.489714865876719,15.512648851868985,0.9965963552033315,3.7911400400628033,0.6917083255994948,9.122557842838201,0
11.610847174619625,0.6855402508068663,0.8388980864459341,4.064612062896916,0.031264727685568296,5.233124270636103,23.730856577865328,1.0013648928209071,2.704965899456158,0.3025054975467294,12.715517922324354,1
11.171573854528607,1.4058198766956185,0.12466268120326685,4.055828368998985,0.06125242618822803,54.872549438722345,262.5217992964683,0.9964161055444215,3.020871029962473,1.5398861499495937,9.254772790174965,0
6.466962404066157,1.3124894453005718,0.9208418826173723,8.471339362797131,0.02084650265696982,32.72622924008309,45.406440026279434,0.9991293639584116,3.6631752729976927,1.943637349658785,12.857647133571097,1
11.833971434822894,0.16330613814866518,0.8698963620621283,9.260453081268015,0.11092221032019607,5.013301889877829,156.67505308388644,1.0029066189069877,3.111151194648099,0.6812989215845766,9.60718712527778,1
6.6097399624648006,0.13691376429615282,0.5188380571260721,9.079215530513137,0.1879550815360427,69.64577588471393,122.34005553599995,0.9917093585586737,2.8324601044858175,1.4271802260658182,8.82285910105154,1
7.5793966797519445,0.6270487136292694,0.5912754357449292,2.1899644073083437,0.017475272727016832,4.986858708749298,104.29816133125247,0.9935715098317537,3.1683040944405563,1.5612237558298157,9.156991431000701,1
12.211405456298266,1.234774663094566,0.39900270387013026,13.272198163088364,0.033200883661905094,48.95743079124017,260.65283682949814,0.9951294889827693,3.051511272299883,1.742323144453892,8.013944946533492,0
11.145961889519361,1.4821865810409223,0.05476163882203133,4.644960600500756,0.0959178153738527,68.87384584317554,12.176021287463529,0.9954837663210048,3.7955254728087215,1.0184696349231355,13.031177324974712,0
13.341457515435957,0.31058364754493945,0.3351972416459009,2.726160390087539,0.18743625333030195,17.50342719089887,193.85248118769172,0.995343273978452,3.107352292860686,0.8149825395887296,13.126807343408654,1
11.233741815303777,0.9317830014929891,0.8028534485980114,13.43134792615258,0.07006965994558259,10.815206439416537,278.6406248824348,1.001798943033235,3.7256122133088097,0.8530017278391528,11.604533449392816,0
10.251394636690188,0.6332471992834301,0.004632023004602859,14.374686125039522,0.10637461365079456,9.375560820147594,164.52759591970127,0.999282424378069,3.859433788253955,1.5114562662674718,9.129539607387686,1
5.030422446109017,1.4578801569404445,0.3334991716911442,13.055999403442854,0.0178988432195745,21.925985182164094,271.120756755365,0.9979027677831791,3.2639626454494883,1.6885250930595812,8.584880362574829,0
8.044873833653769,1.2789664923899922,0.3981686935909433,12.31417665362078,0.03818520818279689,7.972160959734621,20.788979837944726,0.9940218453322162,3.8829260870107096,0.6087437451862245,8.13390276506101,0
6.91722604449898,1.273660186595593,0.5373956029379229,10.138911927010206,0.19745972336218093,48.7591325768951,124.51850929798768,1.0007092749948767,3.1905134701521507,0.9305997138682007,9.160237238756546,0
6.68388607716992,0.7561704237129583,0.9198556164127605,8.667088925588864,0.19337255232284867,5.298134070974326,79.62465484226048,1.0024157866493049,3.9533019414371404,1.8332983344735552,14.235988744882027,1
14.703116102276901,0.6807473032727311,0.34634599436596125,2.126513314750883,0.010938596377537827,36.15012684233549,212.82233308954653,1.0006755776731528,2.816076381883245,1.6713789834810566,9.690757891911773,1
8.324074971334365,0.48276990070298875,0.3469532018962277,6.659190304296852,0.1908442392304154,69.77208291585539,283.70707661072083,0.9900203463674891,3.5931250464542157,1.9742592846962088,10.47989929052051,1
13.812512106948246,0.17892569531129796,0.7375012481097484,6.1549080898736275,0.13143278818494508,57.1639485959153,78.59800767172213,0.9982732178123842,3.3419582525940075,1.5822220414595374,8.737418391369332,1
10.942524885969892,1.3106113267570745,0.45221794088980716,4.5625283510206,0.1749044759588042,43.450141237939754,191.13141221716307,0.9906647599587473,3.203943447092341,0.9684318417474678,9.556529133237191,0
12.742924338958133,1.2380614127821086,0.22460482293998196,11.100223603009049,0.09640057257043323,22.131499834276205,62.061630071006455,0.9933488938643383,3.522525442373181,1.3040843177908843,11.634571995461435,0
9.529008024157113,1.4996047426005827,0.4524395161326934,7.891847864610669,0.10796324543005754,44.04881270412305,165.9884620437656,0.9907738211045211,3.615014219124631,1.4237242322204444,12.254268781669568,0
10.34594273088995,1.4952915719034676,0.14085702037979986,2.042751644297836,0.10288085024881483,37.36586100990396,137.29289373279914,0.997849340888342,2.705672250545402,0.4333748877391107,9.717466199163477,0
9.417694632007503,0.8776043878436783,0.1763869865062233,4.0045831474923395,0.13670420893375984,30.399753488435632,281.077508285725,0.9989256688754038,2.9170390153713583,1.2256448304765706,8.40412511457582,0
6.147672865778489,1.1765823812527147,0.49836777273947974,10.533948567600303,0.03653373840369945,10.019015995073763,178.21321817310005,0.9914883392948567,3.6269598658246145,1.5058454084034363,10.737230083891792,0
11.946973267876558,1.4226720218353992,0.4189254495045479,1.9734451188132325,0.01569498207580881,62.17569085159221,104.91030330056972,0.9949899054795847,3.5663010376516686,0.5844462168018026,9.639423596484338,0
7.088495986849414,1.289506346948376,0.9148459010681,12.902017488087639,0.06850668890232628,32.035140768671255,38.28910712328514,0.9959310746164219,3.9558617566672805,1.6270739196234472,9.536877462608613,0
4.2674756307459925,0.44628734244047674,0.3623938991166331,7.881566030897038,0.14388934491996289,14.42895331563279,48.80285253198648,0.9947976892828919,3.689349127326018,1.2924137268739897,14.719039618994188,1
11.100195254978846,0.7307617894341308,0.5805883502780435,7.676270740305737,0.04835215590336019,26.375395210532982,69.76469117619953,0.9915733250063075,3.9360045200507394,1.9187770356859108,12.314103401480068,1
5.948217473477539,0.28082318121209293,0.6322642879195304,9.252949763699199,0.1379521623317343,29.574952924495964,77.02356515930433,0.9954463212724372,3.613302651995249,0.37211790695171587,11.898149102204671,1
14.345044427882057,1.4356714381622113,0.013094456588333636,12.528001619544604,0.1942832887603814,58.100114794114326,246.724344369042,0.9997653146215093,3.087467871231276,0.7510544338442938,10.910425724663254,0
14.493214347028461,0.948644488231232,0.6635373720167106,5.804109831420922,0.027841135999989497,51.61939225873674,164.82604908395456,0.9909230996389323,2.8369743989261136,1.322641594809701,11.00261033401101,1
14.063508292424935,0.42009992770484783,0.17803596686975143,10.460027751082796,0.137794402462774,54.08203766125245,154.1196279189457,0.9910423401830647,3.716371022348416,0.8041518507500822,11.786335026866565,1
8.071745702809888,1.0403809581681993,0.9610703174694551,8.876820692340655,0.09431254166786851,1.7611572455766578,38.47959073898854,0.9946120267938677,3.5373939879186906,1.5145210789211119,12.87500864925275,1
4.170022781817542,0.9653795366410541,0.14866272775311296,4.66509860938884,0.17494702833172604,29.714625874403545,249.4195332178901,1.0022424342510459,2.762641816111285,1.5903089802872827,12.915022673272805,1
14.211504188464978,0.6014278052459766,0.41462412372702373,13.288682807607728,0.043658459995003326,34.21274646283733,210.55644780800088,0.9986914444073978,3.1680656056712717,0.47427713891300655,9.201857353938147,0
8.710025631490458,0.2589806290794806,0.08534966807864386,12.143706904657686,0.14159893092297127,2.3242671007909115,25.150146417700448,0.9988227094367432,3.9438397601295723,1.173552589151505,11.500789264536389,1
14.633203009480365,1.0402024738299194,0.9968742518459474,10.1841708686838,0.16924190503314096,18.927111403407363,206.31733251602452,0.9947049598808922,3.3505214894232616,1.1651139445047949,10.883706665238714,0
14.599819747981782,0.8284307812653106,0.5021950103312426,12.89320238022881,0.18947670170006442,53.45999779542731,159.82131550796885,0.9977175902857109,3.262547876825616,0.9277773093664199,14.09368876388569,1
13.383104010140961,1.181245748429895,0.5953850173200438,13.128848233533214,0.1398171253750327,10.460569695300935,29.128272846338245,0.9901317053923606,3.295009486707082,1.8859722663684426,12.419932448528634,1
7.2389378127654425,0.8282289015567906,0.06707647738842748,10.88791797168199,0.10446320516160118,37.93639907022882,135.69908155260978,0.998269248603324,2.971547541206713,1.706760743784476,11.727528464911872,1
8.236075014621179,1.2930541004459561,0.7499604703991778,12.701887929927775,0.12739097563823062,15.848929169189388,143.1690492578033,1.001872730318491,3.179319322124234,1.4852559492463826,8.807762495252422,0
13.362503386685425,0.8726695742842797,0.20990559309558576,10.734347609536899,0.1750919470509565,1.836333450428636,52.91419486620704,0.9979634550884826,3.18075723278333,1.5143552807494958,12.239465225263881,1
7.486142056719054,0.8853131601495408,0.8980542894407137,10.489984881820236,0.11841585186137764,17.642900574368362,273.6325756010799,1.0013580817150625,2.7680615262437143,1.0849174444823024,8.820427339761634,0
5.864420213547017,1.327315043721683,0.20513964048200717,9.6224204328341,0.015773541342399004,68.33528908879371,246.54303012902733,0.9994116497210591,3.6978379170732936,1.865690685864179,10.360446028960265,0
10.124813887041853,0.6648760126973557,0.19068772066366657,11.513304617762742,0.18688025214632578,56.30606071992628,195.33332146413764,0.991567259413248,3.2414557614750428,1.4808122263305852,8.999893753700324,1
14.297702515768592,0.287621319830897,0.03654966784809488,3.136331984632339,0.14101008269599663,67.2107884581513,136.82964376317184,1.0017318929947159,3.7688338528613503,1.539267804814888,12.844515529170582,1
11.656327763424702,0.14029574683867457,0.47206694510999925,13.32027770470489,0.13853754329767684,34.66192903091901,122.52964826841591,0.9908637699766251,3.805452401455864,1.764874536438487,9.443764796853069,1
10.270672870983015,1.1571921579430666,0.5648411332626164,13.192993741207772,0.05097827895556627,8.571797708747741,190.22549120372003,0.9969415771431208,2.9755922711082556,0.7659217018817247,10.743015612316182,0
5.0689414314784536,0.9684333718948505,0.06570863942835237,1.3123866907872839,0.13518823934420487,38.809204739184814,160.35721904215424,0.9918477826093149,3.5545595268211674,1.672020536573395,14.26972344333145,1
10.765079493690866,1.0857116753389129,0.7755276166950106,12.544016182963153,0.08483423707429011,32.352036084637305,23.62328896457363,0.9901521859395017,3.313966345411876,0.6319090250260364,9.430214683792792,0
14.890592351146896,0.39814982611247496,0.4532888347480276,2.7170651313755774,0.1337342656378835,59.2606387090335,151.03824960200387,0.9954864453816592,3.8442037592979306,0.8870813188163094,11.554635447711455,1
5.540924167601764,0.29092006582147767,0.52439026932758,5.625175845053901,0.03025267575851824,7.767698074112877,234.2122236768936,0.993835529199504,2.9804628829293907,0.8705377722587326,10.934901628162153,1
9.701626176001104,0.12036253193503471,0.44076274693822814,11.38346641371167,0.13499060787457684,34.688638454502694,135.96488535993913,0.9963180064193687,3.5811571604030576,1.963493296261539,8.126868287320107,1
13.65110379120751,0.5908225823292358,0.400763060875326,3.1667145342811454,0.19988860789642665,11.353357863884913,20.703711447857962,0.9975035985275491,3.4900777589285394,1.7561132803714756,13.54930679500969,1
12.14845479529625,0.9258847615964862,0.5596403313082179,12.433335040078777,0.019160287383505645,23.402638955414137,228.51673042568137,0.9905686079400163,3.083891920843383,1.4919887647034416,8.483321344202198,0
11.667173150947947,0.6491416631396252,0.1552402459307125,12.633091909204161,0.19566309500205029,51.87763833975818,62.985950344480756,0.9915990428366087,2.8775811747465245,1.5359964947461633,11.319785146838676,1
11.727324923858202,0.7124648908332206,0.18192813049527112,8.05529504602779,0.08731251253734541,33.84525092644489,79.18969627331498,0.9972623511538554,3.5471316886204596,1.2555237504843708,11.92474806457265,1
7.954402663417307,1.3658221722912478,0.8617856210135173,0.9900407912073534,0.17544315556407925,26.936291675058083,52.61189802133974,0.9944611755912445,3.66017669557203,1.9100541340844825,12.39898519630211,1
7.229510286909427,0.5875576538326205,0.9461154621336327,4.94723767776627,0.15865324197107197,28.218863221332438,99.45086335863381,0.9994792553381427,3.1103155468923553,1.1436398799000147,12.820421405155129,1
12.90297271026365,0.819585284823735,0.37330931627975295,9.598669549097965,0.11773308958746688,32.70182702001308,220.16067610988372,0.9984797914316952,3.538282385229008,0.9468801067788206,9.772906684659006,0
12.911247341470988,1.1971142178376004,0.27074467314355377,14.734725110186671,0.15030534975775206,55.166141524756924,152.98619823961425,1.0009928567188686,3.2136701798949545,0.5771600727837047,8.069851436609145,0
13.53779550438114,0.6551598952497781,0.6439995432390158,9.808570730935024,0.1769179566472561,62.55384353687617,63.98140058465165,0.9990024067466998,3.627168948267403,1.6365496088437985,13.064105636484385,1
14.045646078121184,0.9709213803190229,0.4087341710980964,4.563230493004653,0.08678666111369626,66.91809336877105,254.42591211702756,0.9955891040060719,2.9589798573622694,1.5485546845285054,11.74959619543305,1
9.624766387470316,1.3073091922454432,0.02538635566034486,9.83948041370452,0.07213630069701535,55.29633365161536,254.92166495128276,0.9987485660911275,3.8572795034270264,0.9534035654910293,13.852823922450742,0
9.516679241559196,1.429328873120699,0.15615259736619036,8.513793853993562,0.1368427432570811,22.76307580661288,252.37369428801995,0.9935799552653204,3.0736324754052538,0.3428288037306899,13.74971854030486,0
12.781246968634527,0.30590287330065313,0.7159722288473975,11.895820071631125,0.16349072896883915,48.48129471997141,73.57932782097562,0.9939820754841168,3.178121784082999,1.7262954571206182,13.903283174515181,1
11.149603238555416,1.3972226752260921,0.6589239419101514,2.4084270074601135,0.154834175607557,31.194615559822044,133.70073440321963,1.0002568070789701,2.775519537704455,0.3194105718719252,11.39566261985678,0
11.721635649834738,0.7889628103113534,0.02709599250348349,11.630493425278596,0.16158459328314057,18.572272921177532,284.75207268786767,0.9958034537132205,2.8449658760176595,1.4962896253693867,10.33539877085806,1
12.753719363797112,0.4615421436185416,0.22197216193294944,8.531858759333154,0.09276082981445727,59.02013898038866,224.47953079572727,1.0003789444267386,3.3706204735260266,1.949437086534297,13.54090741813959,1
13.79005875999323,0.7427900587335657,0.2310747965880714,14.478187254411825,0.16538850107325412,3.651418078400425,13.688380206833429,1.0006914908576876,3.047870479746363,1.0440242578519459,11.159058791204785,1
7.717946725366894,1.4720456053996678,0.6718927435987284,5.720397541145474,0.0328397205204156,63.221577457344225,24.45289932671925,1.0011483103895966,3.7861242934648525,0.6994547884931197,9.284095374824041,0
8.131412479039383,0.7896653315900174,0.019710537754364155,9.819968693188668,0.11345292861256141,32.841945059106656,137.29257963789019,1.0019162580659355,2.71910140525144,1.4982807170737489,13.98481813693032,1
5.0338013382495586,0.5602522544025115,0.10410858198457384,14.041596287691247,0.011094145494643099,44.96690189977135,263.3093182588215,0.9956028078666728,3.1928222632735173,1.6891178414264947,14.17791913740643,1
10.361081550957913,0.986761196043416,0.7999160853731894,2.3453871646685776,0.07167130768105136,46.49542063219901,158.45260882061814,0.9941452686381748,3.1385492107998205,1.2289315373323404,11.264168292981191,1
4.395365011764163,0.4362038662894703,0.1785446620543336,14.114921670033961,0.07962769162556559,62.76312410875101,146.88093977370414,0.9975685837057234,2.7251259201928817,1.9439599679354485,8.529898091168512,1
9.121578199457062,0.20620865935212948,0.6527461078518747,10.599188684441469,0.08527281140575851,44.93020806953731,35.84905708772645,0.9948252415046891,2.8616789187006635,0.3878368268185339,10.714782629418519,1
9.969090981783342,0.2804316106749089,0.23818278104672652,1.856502533382924,0.14213876927107383,43.36141734844426,191.8687696369752,0.997813964168403,3.237735477394226,1.1581525171176978,13.624763616238223,1
7.151953773411129,0.27926417454088137,0.09944139275934516,5.14358629395011,0.08382603924136568,5.598990798687607,238.6551944498638,0.9991726162143696,3.3407239597816805,1.521371710448335,14.3124181998236,1
10.49916586625912,0.3126637709172121,0.24317219099945409,10.88522644989847,0.09525178829828082,36.77015351421908,113.65886212464014,0.9989492652403977,3.22557667143133,1.7664888009536042,9.42430919748317,1
4.335502749329544,0.2943580417091742,0.7222669318556592,1.8496434807096809,0.05513338486612222,11.361661056375874,225.49815381186767,0.9948691875312615,3.390218981935722,0.6047345402432431,8.4688152841769,0
4.410830076241359,0.9972246427245004,0.8556964681062857,9.108603488485453,0.08091784040957462,51.88293004178251,278.94689305392967,0.9921691826220838,3.473671177377386,1.6600059189982583,14.141453171929872,1
13.04860616725624,0.3546321181588028,0.8302198645669916,5.77695110303669,0.05318122917999878,36.34331253607454,63.66590793313601,0.9955968814000087,2.7129009674661866,1.239602028721527,10.725834572852127,1
7.962097055523891,0.5839341966534085,0.3971835296184548,9.654908800521428,0.023907225516004292,47.93571676537638,154.1022856281118,0.9918537238730648,3.303323707289555,0.9741412593829375,11.792326749872943,1
5.397665639170732,1.3555037738684166,0.6680851365706462,1.5449626767564313,0.1246552327424618,3.8754301415645145,87.26004213793487,1.0015712614573895,3.952549013153865,0.5239155485844591,14.776460684355312,0
9.744675860602849,0.7635462963680212,0.20498429541582097,13.188668966748505,0.1369604317254531,6.8506491071604225,230.37780058657654,0.9944964069895921,3.3747419641684133,1.771002790145151,8.46595309539956,1
12.469929084084718,1.034580833929438,0.29314773026101326,14.626194465401296,0.12770316574182675,50.426313776325074,169.45892254436757,0.9920079767139032,3.580804947696639,0.567364453905516,12.538226052164669,0
6.374031302465275,0.3412478196822818,0.8963358185211198,14.561177759528249,0.09806386832210874,5.9738191839084624,185.58682416673597,0.9903308208787748,3.105423015291948,0.8266393606554687,8.518737958024069,1
10.851795234009003,0.369204626332139,0.013001923510736035,11.47009082757524,0.08215929823405366,5.916714215802843,231.80970717129802,0.9983956910217242,3.706188791598591,0.7930774043361426,10.628282499265502,1
4.9388221149314475,0.1572160627730704,0.08550853085446808,2.7342159858419106,0.1740333934186468,1.835484791207234,118.05964376347474,0.9982797301269116,3.7047979264389497,1.7814038581244522,13.626701816354128,1
